Post ID,Title,Url,Author,Score,Publish Date,Total No. of Comments,Permalink,Flair
7o0tl4,Furry Yin &amp; Yang,https://i.redd.it/gian5cq0kz701.jpg,cmplx_residude,1,2018-01-04 10:51:27,1,/r/cats/comments/7o0tl4/furry_yin_yang/,NaN
7ovgm7,My furry babies love the bed. üòªüòª,https://i.redd.it/ee960fg6br801.jpg,LauRen-7,1,2018-01-08 08:11:45,1,/r/cats/comments/7ovgm7/my_furry_babies_love_the_bed/,NaN
7r4cgn,"Happy Birthday, my furry friend üéÇüê±üçæ",https://www.instagram.com/p/BeD9eQEl3Wa/?taken-by=mud_the_cat,Product_of_division,18,2018-01-18 02:43:53,0,/r/cats/comments/7r4cgn/happy_birthday_my_furry_friend/,Cat Picture
7slwpr,Take a picture of your furry friend they said. She‚Äôs a majestic maincoon they said.,https://www.reddit.com/r/cats/comments/7slwpr/take_a_picture_of_your_furry_friend_they_said/,[deleted],1,2018-01-24 14:46:54,0,/r/cats/comments/7slwpr/take_a_picture_of_your_furry_friend_they_said/,Discussion
7t3bii,Our new furry friend needs some help,https://www.gofundme.com/carl-the-cat?pc=fb_dn_cpgnstaticsmall_r&amp;rcid=r01-151692850911-9b98f29770534283,[deleted],1,2018-01-26 14:14:52,1,/r/cats/comments/7t3bii/our_new_furry_friend_needs_some_help/,NaN
7w9dee,"My Dad's cat, Mijo. My jealous, furry little brother.",https://imgur.com/XhdIsgT,Peace_nik,1,2018-02-09 05:30:38,1,/r/cats/comments/7w9dee/my_dads_cat_mijo_my_jealous_furry_little_brother/,NaN
7wa0tm,My fierce furry hunter,https://i.redd.it/d425nyjvd3f01.jpg,DeicidalBedlamite,52,2018-02-09 07:13:20,0,/r/cats/comments/7wa0tm/my_fierce_furry_hunter/,Cat Picture
7wa886,My furry alarm clock. Goes off every morning at 7:45am,https://imgur.com/vGSrRbI,kpraslowicz,1278,2018-02-09 07:46:34,39,/r/cats/comments/7wa886/my_furry_alarm_clock_goes_off_every_morning_at/,Cat Picture
7wrcx0,When human family members eat up your furry one‚Äôs favorite treats/food. I‚Äôm sure we can ALL relate to this!,https://i.redd.it/n4x2v8f36jf01.jpg,SpaceCat_303,14,2018-02-11 12:17:58,3,/r/cats/comments/7wrcx0/when_human_family_members_eat_up_your_furry_ones/,Humor
7xqkgs,"Just getting ready on a regular weekday morning - my furry love looking absolutely handsome while lying on top of my big love, who has pulled the sheets almost completely over his head. Lewis - the cat - makes sure I do my makeup properly üòª",https://imgur.com/a/DhV58,v0idness,5,2018-02-15 19:39:18,0,/r/cats/comments/7xqkgs/just_getting_ready_on_a_regular_weekday_morning/,Cat Picture
7zjc7a,"Snoring at the end of the bed, cuddling her toy on a furry blanket. Goddamit I‚Äôm jealous.",https://i.redd.it/9kac9bbhkuh01.jpg,iamnotaroboot,13,2018-02-23 04:46:27,1,/r/cats/comments/7zjc7a/snoring_at_the_end_of_the_bed_cuddling_her_toy_on/,Cat Picture
7zxl77,"It was THIS warm, furry thing snuggled up against me when I woke up. It was Charlie!",https://i.redd.it/rhwl2etos6i01.jpg,BreezyBarnacle,692,2018-02-24 21:53:52,14,/r/cats/comments/7zxl77/it_was_this_warm_furry_thing_snuggled_up_against/,Cat Picture
804mr1,I‚Äôm away at school and really missing my furry best friend at home.,https://i.redd.it/k2lifywb9di01.jpg,[deleted],9,2018-02-25 19:37:47,1,/r/cats/comments/804mr1/im_away_at_school_and_really_missing_my_furry/,Cat Picture
807nea,"Tish being Tish, I was a self-proclaimed ‚Äúdog lover‚Äù until this furry ball of sass wouldn‚Äôt stop meowing at me at the shelter unless I held her... love at first meow!",https://i.redd.it/q4p5i9cvgfi01.jpg,[deleted],1,2018-02-26 03:03:37,1,/r/cats/comments/807nea/tish_being_tish_i_was_a_selfproclaimed_dog_lover/,Adoption
80frxl,"Reddit, I present you my beloved calico lady. She is turning 10 next month and she‚Äôs my best furry friend!‚ù§Ô∏è",https://i.redd.it/8avpgojs1mi01.jpg,ParliamentaryBling,10,2018-02-27 01:11:36,2,/r/cats/comments/80frxl/reddit_i_present_you_my_beloved_calico_lady_she/,Cat Picture
80q800,Furry Ear Blood Supply,https://i.redd.it/uvk32kaboti01.jpg,teacozyheadedwarrior,348,2018-02-28 02:50:21,7,/r/cats/comments/80q800/furry_ear_blood_supply/,Cat Picture
810209,"Last Year I posted pictures of my furry sons, and this year, I can add pictures of my human sons. I am overjoyed!",https://i.redd.it/hqi5e11v01j01.jpg,[deleted],1,2018-03-01 03:33:03,0,/r/cats/comments/810209/last_year_i_posted_pictures_of_my_furry_sons_and/,Cat Picture
811d4s,Thanks for being my best furry friend!,https://i.redd.it/541shdjhx1j01.jpg,mahjongqueen,2,2018-03-01 06:36:00,1,/r/cats/comments/811d4s/thanks_for_being_my_best_furry_friend/,Mourning/Loss
814yv0,"If you so much as think about rubbing that soft furry belly, you'll get clawed to shreds",https://i.redd.it/6si05dgld5j01.jpg,Plusser,18,2018-03-01 18:11:37,1,/r/cats/comments/814yv0/if_you_so_much_as_think_about_rubbing_that_soft/,Cat Picture
81nzuc,I lost my furry brother a couple days ago.,https://imgur.com/cmCkDbA,stealthyshot,14,2018-03-03 12:34:47,7,/r/cats/comments/81nzuc/i_lost_my_furry_brother_a_couple_days_ago/,Mourning/Loss
81tw4d,Pixel loves his furry balls,https://imgur.com/3ajXgp2,usernameinvalid9000,51,2018-03-04 04:58:14,5,/r/cats/comments/81tw4d/pixel_loves_his_furry_balls/,Cat Picture
82rjl8,A very furry spotted belly,https://i.redd.it/hr6pv1j0jek01.jpg,GrainElevator,31,2018-03-08 02:02:38,0,/r/cats/comments/82rjl8/a_very_furry_spotted_belly/,Cat Picture
8457rl,Furry Belly Commando,https://i.redd.it/c93j2rq8zjl01.jpg,dstroi,80,2018-03-13 21:26:20,2,/r/cats/comments/8457rl/furry_belly_commando/,Cat Picture
8492to,"Who will win, me or one furry boy?",https://i.redd.it/k9cm1818gml01.jpg,willyoukillthedisco,11,2018-03-14 05:44:55,1,/r/cats/comments/8492to/who_will_win_me_or_one_furry_boy/,Cat Picture
84avpo,"‚ÄòRoarrrrr!‚Äô bellowed the furry beast, before she rolled on her back and asked for cuddles.",http://i.imgur.com/LUcSXZl.jpg,purplecatuniverse,12,2018-03-14 10:37:29,0,/r/cats/comments/84avpo/roarrrrr_bellowed_the_furry_beast_before_she/,Cat Picture
84e7kn,A furry monster crawled under the sheets and woke me up this morning,https://i.redd.it/ajgfwu3iyql01.jpg,spaghettithetown,54,2018-03-14 20:54:28,5,/r/cats/comments/84e7kn/a_furry_monster_crawled_under_the_sheets_and_woke/,Cat Picture
852qu2,Furry companion üòª,https://i.redd.it/31xotnjdmam01.jpg,Vickymacca,1,2018-03-17 15:02:11,1,/r/cats/comments/852qu2/furry_companion/,Cat Picture
88svmd,Got a furry cow up in here,https://www.reddit.com/r/cats/comments/88svmd/got_a_furry_cow_up_in_here/,TheRealTurbo12,1,2018-04-01 23:56:44,1,/r/cats/comments/88svmd/got_a_furry_cow_up_in_here/,NaN
89rmrd,My dad has been widowed almost 5 years. Today he adopted a new furry companion.,https://i.redd.it/qhjvnoszgxp01.jpg,MissMaryEli,12044,2018-04-04 23:05:38,200,/r/cats/comments/89rmrd/my_dad_has_been_widowed_almost_5_years_today_he/,Cat Picture
8a77on,Hello to all catlovers. Here is my little British straight cat Moon :) He is cute but a little furry coward.,https://i.redd.it/2kikqt8jb8q01.jpg,[deleted],1,2018-04-06 11:35:48,1,/r/cats/comments/8a77on/hello_to_all_catlovers_here_is_my_little_british/,NaN
8bvr3j,Furry says hi.,https://imgur.com/X7ApQiB,the_turtle_abides,18,2018-04-13 07:41:36,0,/r/cats/comments/8bvr3j/furry_says_hi/,Cat Picture
8bz4q8,I turned my back for 2 seconds...and now we shall have furry dishes,https://i.redd.it/0f6h2rbmgor01.jpg,jagswoodcock,17,2018-04-13 18:55:28,0,/r/cats/comments/8bz4q8/i_turned_my_back_for_2_secondsand_now_we_shall/,Cat Picture
8cdgct,How to cope with losing furry feral friends?,https://www.reddit.com/r/cats/comments/8cdgct/how_to_cope_with_losing_furry_feral_friends/,MerryBandOfPricks,6,2018-04-15 11:47:23,2,/r/cats/comments/8cdgct/how_to_cope_with_losing_furry_feral_friends/,Mourning/Loss
8d2qx4,"Woke up at four in the morning to something pulling on my hair, here‚Äôs what I found......a furry butthole",https://v.redd.it/azb1jb85als01,[deleted],1,2018-04-18 09:20:01,1,/r/cats/comments/8d2qx4/woke_up_at_four_in_the_morning_to_something/,Humor
8dk5vn,My furry little bff,https://i.redd.it/d3fnlcdz3zs01.jpg,jengulle,1,2018-04-20 07:48:23,1,/r/cats/comments/8dk5vn/my_furry_little_bff/,NaN
8dp9tb,"Happy birthday Gunters!! She turned 17 today, stay lit my furry friend ‚ù§",https://i.redd.it/2pp077txj3t01.jpg,almightyders,168,2018-04-20 22:44:53,9,/r/cats/comments/8dp9tb/happy_birthday_gunters_she_turned_17_today_stay/,Cat Picture
8ealyo,I think my cat is ready for a new furry playmate...she chases this thing more than my 6 month old son.,https://i.redd.it/2dgi7rvf4nt01.jpg,LOLSteelBullet,20,2018-04-23 16:33:40,0,/r/cats/comments/8ealyo/i_think_my_cat_is_ready_for_a_new_furry/,Cat Picture
8epl62,"Meet Prince, he is my very pretty furry son. He is 1 and a half years old and I just adopted him and his kennel mate Angelo in January. I love them very much. Give them a warm welcome Reddit.",https://i.redd.it/3xw3b80vdyt01.jpg,GalaxyArtist,502,2018-04-25 06:26:04,14,/r/cats/comments/8epl62/meet_prince_he_is_my_very_pretty_furry_son_he_is/,Cat Picture
8eplh0,"Meet Angelo, he is my very handsome furry son. He is 2 and a half years old and I just adopted him and his kennel mate Prince in January. I love them very much. Give them a warm welcome Reddit.",https://i.redd.it/63tfxvi3eyt01.jpg,GalaxyArtist,492,2018-04-25 06:27:24,9,/r/cats/comments/8eplh0/meet_angelo_he_is_my_very_handsome_furry_son_he/,Cat Picture
8ewknv,Looked for him for 15 minutes. Walk by....well played furry jerk!,https://i.redd.it/h5k88u2p14u01.jpg,robobitch1979,33,2018-04-26 01:28:34,1,/r/cats/comments/8ewknv/looked_for_him_for_15_minutes_walk_bywell_played/,Cat Picture
8fvkjd,My best furry friend,https://i.redd.it/64to9uedwxu01.jpg,tjtrapp,15,2018-04-30 05:53:12,0,/r/cats/comments/8fvkjd/my_best_furry_friend/,Cat Picture
8g2m23,So much love in this furry package...we miss him so much,https://imgur.com/n9CpQ3O,paposfox,10,2018-05-01 01:56:33,0,/r/cats/comments/8g2m23/so_much_love_in_this_furry_packagewe_miss_him_so/,NaN
8gvjr5,HELP: Has anyone have this happen to their cat? If so what's the course of action? It seems raw and sticky and the cat constantly licks it. I'm concerned for my furry friend :(,https://i.redd.it/yg98woxhrqv01.jpg,bobjones182,6,2018-05-04 06:56:33,4,/r/cats/comments/8gvjr5/help_has_anyone_have_this_happen_to_their_cat_if/,Advice
8gyzdm,Have you ever seen such a shameless furry belly? Miss you every day Julietto...RIP. [cat photo],https://www.reddit.com/r/cats/comments/8gyzdm/have_you_ever_seen_such_a_shameless_furry_belly/,Dissenyadora,4,2018-05-04 18:19:37,3,/r/cats/comments/8gyzdm/have_you_ever_seen_such_a_shameless_furry_belly/,Discussion
8h2m2z,Watch our new video!üòª https://youtu.be/OalS4cAyaJg üìπ We've had a wonderful spring day. The cats enjoyed the sun &amp; Laila made some beautiful jumps!üò∫ Subscribe to our channel for weekly fun videos!üê±‚ù§Ô∏è Please share with all Furry friends!!üêàüêïüêá,https://www.youtube.com/attribution_link?a=W2HBhygytp8&amp;u=%2Fwatch%3Fv%3DOalS4cAyaJg%26feature%3Dshare,KanDats,1,2018-05-05 02:35:46,0,/r/cats/comments/8h2m2z/watch_our_new_video_httpsyoutubeoals4cayajg_weve/,Video
8hh4en,Furry thermometer says its warming up outside.,https://i.redd.it/euawjd5b2aw01.jpg,tigresta,19,2018-05-06 23:51:00,0,/r/cats/comments/8hh4en/furry_thermometer_says_its_warming_up_outside/,Cat Picture
8i9bin,"Lost this furry guy last week, it was a great 9 years but i'm going to miss him.",https://i.imgur.com/7JpjuBT.jpg,To_be_C0ntinued,26,2018-05-10 02:15:24,1,/r/cats/comments/8i9bin/lost_this_furry_guy_last_week_it_was_a_great_9/,Cat Picture
8j67x3,"Happy Mother‚Äôs Day from one of the best furry mamas I know, Potato. She‚Äôs been a wonderful mum to her two kittens üå∑",https://i.redd.it/9i51ky6lbox01.jpg,letitburn22,49,2018-05-14 00:52:02,1,/r/cats/comments/8j67x3/happy_mothers_day_from_one_of_the_best_furry/,NaN
8jlntm,"Brother &amp; sister are laying together all of the time, so of course they have their own full size mattress. Also a futon, a couch, a table, a few chairs, etc. If only the larger less furry cats who feed and pet them weren't always ruining their nap times.",https://i.redd.it/fins3aiau0y01.jpg,thedaNkavenger,8,2018-05-15 19:12:31,0,/r/cats/comments/8jlntm/brother_sister_are_laying_together_all_of_the/,Cat Picture
8kkc6i,Misaki The Bengal - Cold winter morning cuddles with a furry friend ‚ù§Ô∏è,https://i.redd.it/d4qvg850dsy01.jpg,cleodia,32,2018-05-19 15:31:30,3,/r/cats/comments/8kkc6i/misaki_the_bengal_cold_winter_morning_cuddles/,Cat Picture
8kro4t,Praying with a furry friend,https://i.redd.it/cndqydkeezy01.jpg,desewer,1,2018-05-20 15:11:35,1,/r/cats/comments/8kro4t/praying_with_a_furry_friend/,Cat Picture
8kwnyq,"Our 2 rescues: One is a sleek, smart, graceful tabby. The other is a chubby fluffball who can't run on smooth surfaces due to his extra furry feet. Both are amazing!",https://i.redd.it/l2ggwnuon3z01.jpg,herfjoter,1,2018-05-21 05:31:12,1,/r/cats/comments/8kwnyq/our_2_rescues_one_is_a_sleek_smart_graceful_tabby/,NaN
8mg2f2,"Furry baby, Niklaus",https://i.redd.it/cfqlrrzwcc011.jpg,longolemon,1,2018-05-27 11:50:34,1,/r/cats/comments/8mg2f2/furry_baby_niklaus/,NaN
8mhvpx,"My best furry friend, Rosie!",https://i.imgur.com/IQRpdsF.jpg,DualPoly,11,2018-05-27 19:25:31,0,/r/cats/comments/8mhvpx/my_best_furry_friend_rosie/,Cat Picture
8n7pe5,Furry &amp; Funny Animal Videos,https://www.arcamax.com/entertainment/furryandfunnyanimalvideos/s-2085212,DaDefender,4,2018-05-30 16:40:22,1,/r/cats/comments/8n7pe5/furry_funny_animal_videos/,Cat Picture
8ouix6,"My other furry potato, Wookie",https://i.redd.it/5mhv93q8y8211.jpg,GhostGirl012,15,2018-06-06 02:31:23,0,/r/cats/comments/8ouix6/my_other_furry_potato_wookie/,Cat Picture
8r17n1,"Meet Rollo, the not so furry cat.",https://i.redd.it/63b1c057gy311.jpg,vaniljefeldt,50,2018-06-14 17:20:30,5,/r/cats/comments/8r17n1/meet_rollo_the_not_so_furry_cat/,Cat Picture
8rf1ww,Kitten sittin' Liberty Belle and Nick Furry,https://i.redd.it/hi354zdjt8411.jpg,WookinpanubSBC,1,2018-06-16 04:13:11,1,/r/cats/comments/8rf1ww/kitten_sittin_liberty_belle_and_nick_furry/,NaN
8rlxle,Funny Cats üòªüòπ Cute and Furry Cats (Part 2) [Funny Pets],http://catsfact.com/funny-cats-%f0%9f%98%bb%f0%9f%98%b9-cute-and-furry-cats-part-2-funny-pets/,dognews500,1,2018-06-17 01:42:13,0,/r/cats/comments/8rlxle/funny_cats_cute_and_furry_cats_part_2_funny_pets/,Cat Picture
8rlyfu,"Yesterday morning I woke up to my little blind Willy laying on my side licking his right HIND leg with his furry, dirty balls millimeters from my pillow. Eeew... butILovehim!",https://i.redd.it/mz30vsn58f411.jpg,mycateatsfrenchfries,1,2018-06-17 01:45:48,1,/r/cats/comments/8rlyfu/yesterday_morning_i_woke_up_to_my_little_blind/,NaN
8rp86l,I couldn't help but think of my cat as a furry little zen garden during his last brushing üòÇüòÇ,https://v.redd.it/w6l3comg5i411,Melassy,44,2018-06-17 11:37:01,4,/r/cats/comments/8rp86l/i_couldnt_help_but_think_of_my_cat_as_a_furry/,NaN
8rvi06,My Oliver was a good furry face. Missing him and his barking meow,https://i.redd.it/opr5isr1rn411.jpg,corkybaby1o,1,2018-06-18 06:26:03,1,/r/cats/comments/8rvi06/my_oliver_was_a_good_furry_face_missing_him_and/,NaN
8sa4g2,"Added another furry friend to our family! Meet One-Eyed Wendy, the most feared pirate kitteh to sail the seven seas!",https://i.redd.it/r8aa7j00gz411.jpg,SwiftPandaKick,1,2018-06-19 21:45:21,1,/r/cats/comments/8sa4g2/added_another_furry_friend_to_our_family_meet/,Cat Picture
8tb7am,"I adopted a One-eyed cat this Friday! Meet Nicholas J. Furry, Director of S.H.I.E.L.D.",https://i.redd.it/qpb0c6bc5s511.jpg,Sunstudy,96,2018-06-23 22:17:35,7,/r/cats/comments/8tb7am/i_adopted_a_oneeyed_cat_this_friday_meet_nicholas/,Cat Picture
8u6rqo,"A year ago today, these furry babies chose me as their human. Reddit, meet Linus and Lucien",https://i.redd.it/eln7eoys1h611.jpg,chgo2sd2phx,599,2018-06-27 10:13:50,25,/r/cats/comments/8u6rqo/a_year_ago_today_these_furry_babies_chose_me_as/,NaN
8u9b5z,$10.00 right now at canterburysaccessories.com get your furry friend as a gift. Show them you love them while keeping your house fur free!!! üê∂üê©üêàüêï,https://i.redd.it/9pz3le9whj611.jpg,canterburysaccess,1,2018-06-27 18:15:42,1,/r/cats/comments/8u9b5z/1000_right_now_at_canterburysaccessoriescom_get/,NaN
8uzshp,The Fabulous Furry Freak Brothers at rest....momentarily.,https://i.redd.it/qcweuc4ts2711.jpg,booksbme,1,2018-06-30 11:10:45,1,/r/cats/comments/8uzshp/the_fabulous_furry_freak_brothers_at/,NaN
8vogul,"My baby girl and furry best friend, Cersei.",https://i.redd.it/zxxcnw9y5n711.jpg,RedPanda819,17,2018-07-03 07:40:05,0,/r/cats/comments/8vogul/my_baby_girl_and_furry_best_friend_cersei/,NaN
8vx55c,My furry little butthole is pretty happy to be getting some lovins üòäüòä,https://i.redd.it/pnl60kkqot711.jpg,GhostGirl012,15,2018-07-04 05:36:03,1,/r/cats/comments/8vx55c/my_furry_little_butthole_is_pretty_happy_to_be/,Cat Picture
8xjpbu,My furry avocados,https://i.redd.it/kcf5dlggl0911.jpg,ladybee33,1,2018-07-10 07:41:56,1,/r/cats/comments/8xjpbu/my_furry_avocados/,NaN
8ydvj5,She looks like a furry meatloaf,https://i.redd.it/wr706oj34l911.jpg,zombiecarrie,1,2018-07-13 02:54:42,1,/r/cats/comments/8ydvj5/she_looks_like_a_furry_meatloaf/,NaN
900e7f,Sleeping furry ball.,https://i.redd.it/8bdxe82tfsa11.jpg,Rudabanshee,1,2018-07-19 04:36:34,1,/r/cats/comments/900e7f/sleeping_furry_ball/,Cat Picture
900qgu,The furry attitude herself- Mozz,https://i.redd.it/289hurn4osa11.jpg,Vanpocalypse-Now,1,2018-07-19 05:23:13,1,/r/cats/comments/900qgu/the_furry_attitude_herself_mozz/,NaN
907hyb,"Leaving for 2 months, afraid my furry guy will lose his attachment to me",https://www.reddit.com/r/cats/comments/907hyb/leaving_for_2_months_afraid_my_furry_guy_will/,NoClueWhatNameToUse,1,2018-07-19 22:14:43,1,/r/cats/comments/907hyb/leaving_for_2_months_afraid_my_furry_guy_will/,NaN
90rrpo,My furry overlord hates being combed.,https://www.reddit.com/r/cats/comments/90rrpo/my_furry_overlord_hates_being_combed/,Rabidleopard,1,2018-07-22 00:49:46,3,/r/cats/comments/90rrpo/my_furry_overlord_hates_being_combed/,Advice
90t3a0,This is my cat. He‚Äôs 16 and I think that when he stretches out he looks like a furry gray sausage,https://i.redd.it/d2yyts9gndb11.jpg,[deleted],1,2018-07-22 03:57:03,1,/r/cats/comments/90t3a0/this_is_my_cat_hes_16_and_i_think_that_when_he/,Cat Picture
91yqbi,"Elvira the nudist snuggles into her furry pillow, Morticia.",https://i.redd.it/2oh16l1wn7c11.jpg,noirxkitty,26,2018-07-26 08:52:57,4,/r/cats/comments/91yqbi/elvira_the_nudist_snuggles_into_her_furry_pillow/,Cat Picture
926z7l,Sharing a picture of my little furry love,https://i.redd.it/bzwa972eedc11.jpg,mskitty89,10,2018-07-27 04:10:14,0,/r/cats/comments/926z7l/sharing_a_picture_of_my_little_furry_love/,Cat Picture
92a60b,"Apollo, aka Purry McFurryface, aka Furry McPurryface",https://i.redd.it/3cdv9q2nqfc11.jpg,Cutluero,10,2018-07-27 12:02:30,0,/r/cats/comments/92a60b/apollo_aka_purry_mcfurryface_aka_furry_mcpurryface/,NaN
932sxs,"Meet Lydia, my unemployed 6 yr old furry roommate.",https://i.redd.it/66i2ss6y62d11.jpg,CriticalMass_Photo,1472,2018-07-30 15:33:00,44,/r/cats/comments/932sxs/meet_lydia_my_unemployed_6_yr_old_furry_roommate/,Cat Picture
94spoh,"Rare images of two furry soldiers engaging in paw-to-paw combat at the Battle of the Tub, circa 2018... ‚ÄúThose who cannot remember the past are condemned to repeat it."" - George Santayana",https://imgur.com/gallery/C6OGzjc,Vascular_D,8,2018-08-05 21:09:44,1,/r/cats/comments/94spoh/rare_images_of_two_furry_soldiers_engaging_in/,Cat Picture
94syyd,"My little Salem around his second Birthday. He‚Äôs a little furry jerk but he‚Äôs also a purr box, and we love him immensely and unconditionally",https://i.redd.it/wgi6cv2muae11.jpg,Kelliofscotts,6,2018-08-05 21:44:02,0,/r/cats/comments/94syyd/my_little_salem_around_his_second_birthday_hes_a/,Cat Picture
94y5o9,"Lost my furry friend after fourteen years, rest in peace.",https://m.imgur.com/S5Dv2Jm,Antigonus96,26,2018-08-06 09:43:52,4,/r/cats/comments/94y5o9/lost_my_furry_friend_after_fourteen_years_rest_in/,NaN
96opg3,Why I don't get to have nice things. Bought a napkin basket smaller than the last one to avoid furry napkins. Obviously this was unsuccessful.,https://i.redd.it/cezytxidknf11.jpg,WylamMimi,1,2018-08-12 17:35:05,1,/r/cats/comments/96opg3/why_i_dont_get_to_have_nice_things_bought_a/,Cat Picture
97e51s,My furry little alarm clock,https://i.redd.it/ckh0jmbss5g11.jpg,zoejo_,135,2018-08-15 06:53:16,0,/r/cats/comments/97e51s/my_furry_little_alarm_clock/,Cat Picture
97p9uq,Furry lampshade taking a snooze after traumatic trip to the Vet ends in her bootie shaved.,https://i.redd.it/o1f6wid5wdg11.jpg,cichowskib,1,2018-08-16 10:06:14,1,/r/cats/comments/97p9uq/furry_lampshade_taking_a_snooze_after_traumatic/,NaN
982qm0,My furry daughter Nala thinks we brought the pure wool duvet just for her......not her human sister (paw out is her reaction to me trying to get her off it),https://i.redd.it/x23ddqw6zng11.jpg,MrsLyall88,15,2018-08-17 20:01:43,0,/r/cats/comments/982qm0/my_furry_daughter_nala_thinks_we_brought_the_pure/,Cat Picture
99n9uw,Reddit meet my new furry freind and life long companion Beetle,https://i.redd.it/9grcnvxweuh11.jpg,Metalhead_Dannyo,1,2018-08-23 18:44:08,1,/r/cats/comments/99n9uw/reddit_meet_my_new_furry_freind_and_life_long/,NaN
9aczjx,My furry girl.,https://i.redd.it/pawnyhs36di11.jpg,indikacat,1,2018-08-26 09:48:36,1,/r/cats/comments/9aczjx/my_furry_girl/,NaN
9adleq,"Meet Lettuce, this little guy was found in a garden today. His sibling didn‚Äôt make it and I‚Äôm hoping he will be a longtime new furry friend.",https://i.redd.it/g62q81vprdi11.jpg,chanocakes,488,2018-08-26 11:49:41,29,/r/cats/comments/9adleq/meet_lettuce_this_little_guy_was_found_in_a/,Cat Picture
9ahqvh,"My little furry demon Skiller. Wife was cleaning and found him posing as Adam. He does this all the time. Thought you guys would enjoy her ""Creation of Skiller""",https://i.redd.it/rzqu6cgodhi11.png,xKINGxJOLTEONx,22,2018-08-26 23:58:17,1,/r/cats/comments/9ahqvh/my_little_furry_demon_skiller_wife_was_cleaning/,Cat Picture
9ap8zk,Have you been looking for the perfect set of kitten toys for your furry little friend?,https://purrpetrators.com/,akibasd342,1,2018-08-27 19:40:55,0,/r/cats/comments/9ap8zk/have_you_been_looking_for_the_perfect_set_of/,Cat Picture
9auj58,My foster cat Snoodles is getting adopted! Hoping she has enough furry blankets for you,https://i.redd.it/hxcccx2sgqi11.jpg,shannyhams,101,2018-08-28 06:31:31,6,/r/cats/comments/9auj58/my_foster_cat_snoodles_is_getting_adopted_hoping/,NaN
9cvcpb,Furry Beast,https://imgur.com/k6biPXy.jpg,TheGoatsDad,11,2018-09-04 18:26:56,1,/r/cats/comments/9cvcpb/furry_beast/,Cat Picture
9dmzbb,"Having a calico cat is like having a furry cloud, you can look at them and see different things. Darcy is showing me a little badger?",https://i.redd.it/teffsi4lkok11.jpg,Zyk40,13,2018-09-07 02:25:03,1,/r/cats/comments/9dmzbb/having_a_calico_cat_is_like_having_a_furry_cloud/,Cat Picture
9do1dn,Furry friend xo,https://i.redd.it/oi07lq9s5pk11.jpg,shantango,1,2018-09-07 04:16:23,1,/r/cats/comments/9do1dn/furry_friend_xo/,Cat Picture
9dxqyv,Furry little sweet baby!,https://i.redd.it/c7510kftcvk11.png,DCLanger,36,2018-09-08 01:06:33,1,/r/cats/comments/9dxqyv/furry_little_sweet_baby/,NaN
9e0wow,This little guy has been coming around for a week now and we have been feeding him. I guess we'll be taking in a third furry friend after a trip to the vet next week üòªüò∫,https://i.redd.it/5c7tfp67gxk11.jpg,SpecialK92,16,2018-09-08 08:09:03,3,/r/cats/comments/9e0wow/this_little_guy_has_been_coming_around_for_a_week/,Cat Picture
9e4d26,Say hello to Ash! New (and only) furry family member.,https://i.redd.it/6kz2banko0l11.jpg,Goldchain3,62,2018-09-08 19:01:17,4,/r/cats/comments/9e4d26/say_hello_to_ash_new_and_only_furry_family_member/,Cat Picture
9emuqw,"Rambo, the furry menace",https://i.redd.it/zo4puacirel11.jpg,axbu89,21,2018-09-10 18:23:04,1,/r/cats/comments/9emuqw/rambo_the_furry_menace/,Cat Picture
9gdp6r,"Findus, my Furry Friend",https://i.redd.it/p8rxs01lqnm11.jpg,UrukHaianWoman,1,2018-09-17 01:37:43,1,/r/cats/comments/9gdp6r/findus_my_furry_friend/,NaN
9gwy46,"Harley Quinn! My new furry 2 month old friend, adopted her two days ago from the SPCA. Great place, please check it out. :)",https://i.redd.it/nbguxkx791n11.jpg,_Greyworm,58,2018-09-18 23:05:20,2,/r/cats/comments/9gwy46/harley_quinn_my_new_furry_2_month_old_friend/,NaN
9hqlq2,Meet Nick Furry!,http://imgur.com/aPJtwRt,DeeJayDubbs,53,2018-09-21 20:14:04,3,/r/cats/comments/9hqlq2/meet_nick_furry/,Cat Picture
9i0oe0,Was going to my brothers apartment and saw this furry guy in the window,https://i.redd.it/t1d490ucatn11.jpg,RottenBurgerMeister,1,2018-09-22 21:21:39,1,/r/cats/comments/9i0oe0/was_going_to_my_brothers_apartment_and_saw_this/,NaN
9i1bbo,"Reddit... Meet my big furry dude, Rocco, and his teeny front teethsies.",https://i.redd.it/tgqp9p9gotn11.jpg,ChittyChats,1,2018-09-22 22:43:50,1,/r/cats/comments/9i1bbo/reddit_meet_my_big_furry_dude_rocco_and_his_teeny/,Cat Picture
9jaw7i,"This is my furry friend, Margaret. She likes to sit like a real sophisticated lady",https://i.redd.it/bpsnpyjglqo11.jpg,dobozember,110,2018-09-27 13:22:34,5,/r/cats/comments/9jaw7i/this_is_my_furry_friend_margaret_she_likes_to_sit/,Cat Picture
9jfc8j,"Meet Miss Mittens,my elderly kitty.She has a broken meow and shes not that furry,but I love her with all my heart.",https://i.redd.it/96qhp1dxpto11.jpg,PlasticJungles,118,2018-09-27 23:52:58,7,/r/cats/comments/9jfc8j/meet_miss_mittensmy_elderly_kittyshe_has_a_broken/,Cat Picture
9jjcyx,Anybody else‚Äôs furry friend love sitting on laptops....,https://i.redd.it/6vmldq8kawo11.jpg,spladle29,11,2018-09-28 08:32:19,1,/r/cats/comments/9jjcyx/anybody_elses_furry_friend_love_sitting_on_laptops/,Cat Picture
9kaz6p,This is furry fluff she lays on my lap,https://i.redd.it/0z4gtnayjgp11.jpg,izaiahforbes,5,2018-10-01 04:40:28,0,/r/cats/comments/9kaz6p/this_is_furry_fluff_she_lays_on_my_lap/,Cat Picture
